username,language
Băng Tỏa,"[""de-3"", ""vi-N"", ""en-4""]"
Cbizeditor,"[""zh-2"", ""en-2"", ""vi-N""]"
Chungmotniemtin,"[""en-1"", ""vi-N""]"
DanGong,"[""es-0"", ""de-3"", ""vi-N"", ""en-2""]"
Dogecaptain,"[""en-2"", ""vi-N""]"
Huuduc94,"[""en-3"", ""fr-1"", ""ja-1"", ""vi-N""]"
Khanhnamnguyen03,"[""vi-N"", ""en-2""]"
Kietvnm,"[""vi-N"", ""en-2""]"
Louis Anderson,"[""ja-1"", ""en-4"", ""vi-N""]"
Lucas04n,"[""en-2"", ""es-0"", ""de-3"", ""vi-N""]"
Machopinkriver,"[""vi-N"", ""en-2""]"
Mintu Martin,"[""vi-N"", ""en-2""]"
NgocAnMaster,"[""en-3"", ""vi-N""]"
Pminh141,"[""vi-N"", ""ja-2"", ""en-3""]"
Quenhitran,"[""en-5"", ""vi-N"", ""ko-1""]"
Trần Nguyễn Minh Huy,"[""vi-N"", ""en-2"", ""zh-2"", ""ja-5""]"
Wmimex,"[""km-N"", ""en-1"", ""vi-N""]"
Yosari101,"[""vi-N"", ""en-2""]"
